First Name,Last Name,Email,Phone Number,Status,Join Date
John,Smith,john.smith@email.com,+919876543210,active,2024-01-15
Sarah,Johnson,sarah.j@email.com,+919876543211,active,2024-01-20
Mike,Williams,mike.williams@email.com,+919876543212,active,2024-02-01
Emma,Brown,emma.brown@email.com,+919876543213,active,2024-02-05
David,Jones,david.jones@email.com,+919876543214,active,2024-02-10
Lisa,Garcia,lisa.garcia@email.com,+919876543215,active,2024-02-15
James,Martinez,james.m@email.com,+919876543216,active,2024-02-20
Maria,Rodriguez,maria.r@email.com,+919876543217,active,2024-02-25
Robert,Wilson,robert.w@email.com,+919876543218,active,2024-03-01
Jennifer,Anderson,jennifer.a@email.com,+919876543219,active,2024-03-05
William,Thomas,william.t@email.com,+919876543220,active,2024-03-10
Elizabeth,Taylor,elizabeth.t@email.com,+919876543221,active,2024-03-15
Michael,Moore,michael.moore@email.com,+919876543222,active,2024-03-20
Jessica,Jackson,jessica.j@email.com,+919876543223,active,2024-03-25
Christopher,White,chris.white@email.com,+919876543224,active,2024-04-01
Amanda,Harris,amanda.h@email.com,+919876543225,active,2024-04-05
Daniel,Martin,daniel.martin@email.com,+919876543226,active,2024-04-10
Ashley,Thompson,ashley.t@email.com,+919876543227,active,2024-04-15
Matthew,Lee,matthew.lee@email.com,+919876543228,active,2024-04-20
Brittany,Walker,brittany.w@email.com,+919876543229,active,2024-04-25
Joshua,Hall,joshua.hall@email.com,+919876543230,active,2024-05-01
Stephanie,Allen,stephanie.a@email.com,+919876543231,active,2024-05-05
Ryan,Young,ryan.young@email.com,+919876543232,active,2024-05-10
Nicole,King,nicole.king@email.com,+919876543233,active,2024-05-15
Brandon,Wright,brandon.w@email.com,+919876543234,active,2024-05-20

